neighbourhood,avg_of_price, avg_of_review_scores_rating, avg_of_review_scores_accuracy, avg_of_review_scores_cleanliness, avg_of_review_scores_checkin, avg_of_review_scores_communication, avg_of_review_scores_location, avg_of_review_scores_value
Bijlmer-Centrum,91.2,92.9,9.4,9.2,9.8,9.7,8.7,9
Bijlmer-Oost,101.6,92.7,9.5,9.4,9.8,9.8,8.5,9.1
Bos en Lommer,117,95.3,9.7,9.6,9.7,9.8,9,9.2
Buitenveldert - Zuidas,153.1,92.6,9.5,9.4,9.6,9.7,8.9,9.1
Centrum-Oost,189.4,94.6,9.6,9.4,9.7,9.7,9.8,9.1
Centrum-West,189.9,94.2,9.6,9.4,9.7,9.7,9.9,9.1
De Aker - Nieuw Sloten,124.7,95.7,9.7,9.5,9.9,9.9,8.9,9.2
De Baarsjes - Oud-West,143.9,95.3,9.7,9.5,9.7,9.8,9.5,9.2
De Pijp - Rivierenbuurt,157.2,94.9,9.7,9.5,9.7,9.8,9.6,9.2
Gaasperdam - Driemond,92.1,93.6,9.6,9.3,9.7,9.8,8.7,9.1
Geuzenveld - Slotermeer,125.7,93.5,9.6,9.3,9.8,9.8,8.7,9.1
IJburg - Zeeburgereiland,165.2,95.6,9.8,9.6,9.8,9.8,9.2,9.3
Noord-Oost,118.6,94,9.6,9.3,9.7,9.8,9,9.3
Noord-West,120.2,95,9.7,9.5,9.9,9.8,8.9,9.2
Oostelijk Havengebied - Indische Buurt,126.2,94.7,9.7,9.4,9.8,9.8,9.2,9.2
Osdorp,97.9,91.7,9.4,9.3,9.6,9.6,8.6,8.9
Oud-Noord,157.7,93.8,9.5,9.3,9.7,9.7,9.1,9.1
Oud-Oost,143.5,95.2,9.7,9.5,9.7,9.8,9.3,9.2
Slotervaart,115.1,95.1,9.7,9.5,9.8,9.8,8.9,9.2
Watergraafsmeer,137.5,94.9,9.7,9.5,9.7,9.8,9.2,9.2
Westerpark,141,95.1,9.7,9.5,9.7,9.8,9.4,9.2
Zuid,171.2,95.5,9.7,9.5,9.8,9.8,9.5,9.3
Grand Total,152.2,94.9,9.7,9.5,9.7,9.8,9.4,9.2
